genetic_sequence_id	gathering_event_id	derived_from_material_entity_id	genetic_sequence_type	genetic_sequence	genetic_sequence_citation	genetic_sequence_remarks
id.gbif.ch/1542933166		id.gbif.ch/2062472674	Mitochondrial	ATGACCAACATTCGAAAATCCCACCCTCTGGCAAAAATCATTAATAACTCATTCATCGACCTACCAGCCCCCTCAAACATCTCATCATGATGAAACTTCGGATCCCTCCTCGGAATTTGCCTAGCATTACAAATTTTAACAGGGCTCTTCCTAGCCATGCACTACACATCAGATACAATAACAGCCTTCAACTCCGTCACCCATATTTGCCGAGACGTAAACTATGGTTGAATTCTACGCTACACCCATGCCAATGGAGCCTCGATATTTTTTATCTGCCTCTACCTCCACGTGGGGCGGGGCCTCTACTATGGATCTTACATATTTAAAGAAACATGAAACGTAGGGGTCATCCTATTATTTGCAGTTATAGCAACCGCTTTCATAGGCTATGTCCTCCCATGAGGACAGATATCATTCTGAGGGGCAACCGTAATCACTAATCTGCTCTCTGCAATTCCATACATTGGAACAACCCTTGTAGAGTGGATCTGGGGAGGCTTCTCTGTAGACAAGGCCACCCTGACCCGATTCTTCGCCTTTCACTTCTTACTCCCCTTTATTATTGCAGCCATAGTAATAATCCACCTCCTATTCCTACACGAAACAGGGTCAAACAACCCGACAGGCATTCCCGCTAACGTAGATATAATCCCATTCCACCCCTACTACACAATCAA	https://www.ncbi.nlm.nih.gov/nuccore/AF513749	
id.gbif.ch/2289599522		id.gbif.ch/2062472674	Mitochondrial	CAGAGGTTTGGTCCTAGCCTTCCTATTAGTTATTAATAAACTTACACATGCAAGAATCCCCGCCCCAGTGAAGATGCCCTTCAAACCATCCAATGGTAAGAAGGAGCTGGTATCAAGCACGCTAACTAAAGCAGCTCAAGACGCCTTGCTCAGCCACGCCCCCACGGGAGACAGCAGTGATAAAAATTAAGCAATGAATGAAAGTCTGACTAAGTTATATTACTAAGGACCGGTAAATCTCGTGCCAGCCACCGCGGTCATACGATTGGTCCAAACTAATGGGCATACGGCGTAAAGAGTGTTTTAGAGCCAACAAACAATAAAGTCAAGCCCCAACTAAGCCGTAAAAAGCTCTAGTCCTACGTAAGATACCCGACGAAAGTGACTTTAAAAAATCTGACGACACGATAGCTAGAACCCAAACTGGGATTAGATACCCCACTATGCCTAGCCCTAAACATAAAAAATTATAAAAACAAAATTATTCGCCAGAGTACTACCAGCAAGAGCTAGAAACTCAAAGGACTTGGCGGTGCCTTATATCCCCCTAGAGGAGCCTGTTCTATAATCGATAAACCCCGATATACCTCACCAACCTTTGCTAAATCAGCCTATATACCGCCATCTTCAGCAAACCCTAAAAAGGAAGCATAGTAAGCACAAATATAAACATAAAAAAGTTAGGTCAAGGTGTAGCCTATAGGTTGGGAAGCAATGGGCTACATTCCTCGGCCTCGAGGAACACATTAACGAAAACTTACGTGAAATCGGAAGTCAAAGGCGGATTTAGTAGTAAATTAAGAATAGAGTGCTTAATTGAATAGGGCCATGAGGCACGCACACACCGCCCGTCACCCTCCTCAAATAAAACATATTAATCACTACCCCAAGCCCAAAAATATTAACCTATGAGAGGAGACAAGTCGTAACAAGGTAAGTGTACTGGAAAGTGCACTTGGACAACACAAAGTGTAGCTTAAACAAAAGCACCTAGTTTACACCTAGAAGATTTCATACTTAACTGACCACTTTGAAACTAAAATTAGCCCAAACCTCAACTCACACATCTACCCCAACAAATATTAAAACAAAACATTTATACTGATTAAAGTATAGGCGATAGAAATAAGGCTTGGCGCTATAGAGAGAGTACCGCAAGGGAAAAAATGAAAGAATATTAAAAGTAAAAAACAGCAAAGCTTAGCCCTTGTACCTTTTGCATAATGATTCAACTAGAATACTACTAGCAAAAAGAATTAAAGTTAAATAACCCGAAATCAGACGAGCTACCCCTCAGCAGCTTAAAGAGCAAACTCATCTATGTGGCAAAATAGTGAGACGACTGTCGGGTAGAGGCGACAAACCTACCGAGCCTGATGATAGCTGGTTGTCCAGAACAGAATCTCAGTTCTAACCTAACTCTGCCAAAAAACAGACAAATTAAAATGTAGAGTTAAGTATTAATCTAAGAGGGTACAGCCTATTAGACACGGGATACAACCCCTATCAGAGAGTAAGACAAAAAAACCACAATAGTTGGCCTAAAAGCAGCCACCAAATAAGATAGCGTTCAAGCTCAATAGTATATCAAAACTAATACCAATCACAGCAACCTACACTCCTGATACAAATACTGGACCATTCTATTATCAAATAGAAGCGACAATGTTGATATGAGTAACAAGAAACACTTCTCCTAGCACACGTGTATATCAGGACGAATAACTCGCTGATAGTTACCAAAACCAGCATGACCTAATGACTTATAACCCCGCCATCAATTGTTAACCCAACACAGGAGTGCAACCAAGGAAAGATTAAAAAAAGCAAAAGGAACTCGGCAAACATAACCCCGCCTGTTTACCAAAAACATCACCTCTGGCATAAAAAGTATCAGAGGCACTGCCTGCCCAGTGACCCCAGTTCAACGGCCGCGGTACCCTGACCGTGCAAAGGTAGCATAATCACTTGTTCCCTAAATAGGGACTTGCATGAATGGCCACACGAGGGTTGCACTGTCTCTTGCTTTCAATCAGTGAAATTGACATTCTCGTGAAGAGGCGAGAATAAAAAAATTAGACGAGAAGACCCTATGGAGCTTTAATTAACTAACTCACAACAACCCCTAAAACCACTCGAAAGAAATAAGCTCTACTAGACTGAGTTAGCAATTTAGGTTGGGGCGACCTCGGGATAAAAATAAACTCCCGAGAAAAATACATCAAGACCTACCAGTCAAAATTATAGTACTACACATTGATCCACTATTAGTGATCAACGGAACAAGTTACCCTAGGGATAACAGCGCAATCCTATTTAAGAGTCCATATCGACAATTTAGGGTTTACGACCTCGATGTTGGATCAGGACATCCCAATGGTGCAGCAGCTATTAATGTGTTCGTTTGTTCAACGATTAAAGTCCTACGTGATCTGAGTTCAGACCGGAGTAATCCAGGTCGGTTTCTATCTATTTACAAGCCCCTCCCAGTACGAAAGGACAAGAGAGGCAGGGCCCACCTACGATTAGGCGCCCTAATTAAATAGATGAATTAATCTTAATCTCATAACATCCACATACTGCCCGAGAACTAGGGCCTAA	https://www.ncbi.nlm.nih.gov/nuccore/AF326089	
id.gbif.ch/1451071954		id.gbif.ch/2062472674	Nuclear	TAATCATCCTGGTCAAGAAGTTAGTGCATGCCCTTAAGTACTTCCATTCCAAATACATTGTCAATGCTGCTGACATTGTTTCCCAACTCTCAAGTGAAGGTGAGCAATTAGTGCAGAAAGCAATCCAGAAATATCTTAGCATTCTTGTCGATGCAGATGGAAAAGGGAAAGAGAAGATTGTAGAGCTTTATACCAGTGCTCAGGAAATAATTAAAAGCTGGACCGCTGCAATGAAGGAAATCATTTCTGATTACCACCAGCAGTTCAAATATATACTACAGA	https://www.ncbi.nlm.nih.gov/nuccore/GU328124	
id.gbif.ch/2678867694		id.gbif.ch/2062472674	Nuclear	GAAATTCTAGACTCAGTAGTAATGAAGACTCAGCAGATGCCACACATTCCAGGGAAGATAGTGCCTCTCACGGGGAAGACAGTGGCCAAGATACCACCAGCGAGAGCAGGGACCTTGACAAGGAGAGTGAGAGTGAGGAGCATTGGGTGGGAGGTGGCAGTGAGGGAGATAGCAGCCATGGGGATGGCTCTGAGTTTGATGATGAAGGAATGCAGAGCGATGATCCAGACACCATCAGGAGTGAGAGAAGCCACTCCAGAATGAACAGCGCCAGTGTCAAATCAAAAGAATCAAAAGGAAATAGTGATGAGCAAGCCAACACTCAGGATTCAGGTGAGAGCCAATCAGTGGAGAATCCCGGTAGGAAAATTTTCAGAAAGTCCCGCATTTCTGCGGAAGATGACACAGGTGATCTTGGCAATAGCCCAGAAGAAGTCAAAAGTGACTCCACAGAAAACACCAACTCCAAAGAAGCTGGCCTCAGCCAATCCAGAGAAAACAGCAAGAGTGACTCTCAAGAAGATAGTGAGGAGACTCAGTCCCAGGAAGACAGTCAAAGTGAACAAGACCCCAGTAGTGAGTCTAGTCAAGAGGTTGACCTTCCATCTCAAGAAACCAGTAGTGAATCTCAGGAAGAGGTACTGAGTAAGTCCAGGGGTGACAACCCAGATAATACCTCCAGTACCTCAGAAGATCAGGACAACAGTGACTCCAGTGAAGAGGACAGCTTGAGCACACCCTCCAGTTCAGAAAGTACATCCAGAGAGGAGCAAGCTGATAGTGAATCCAATGAGAGCCTCCAATCCTCAGAGGAAAGCCCAGAGTCCACTGAGGATGAGAACAGCTCTAGCCAGGAGGGCCTCCAGTCTCACAGTGCCTCCACAGAGAGCCAGAGCC	https://www.ncbi.nlm.nih.gov/nuccore/GU328213	
id.gbif.ch/2239094733		id.gbif.ch/2062472674	Nuclear	TACCTTCCTCCTCTTCGCTACCCAGCCATCTGCACATTCAAAGGAGGCTTAGAGTCTGAAAGGCAACAATACATTATCCACGGAGGGAAAACACCAAACAATGAGCTTTCAGATAAGATGTATGTTATGTCTGTTGTGTGYAAGAACAACAAAAAAGTTACTTTTCGCTGCACTGAGAAAGACTTGGTAGGAGATGTTCCTGAAGCCAGATATGGTCATTCCATTGATGTGGTATATAGTCGCGGGAAGAGCATGGGTGTTGTCTTTGGAGGGCGGTCATACATACCTTCTGCCCAGAGAACCACAGAAAAATGGAATACTGTAGCAGACTGCCTGCCCCAGGTTTTCTTGGTGGATTTTGAATTTGGGTGCTCTACATCATACATTCTTCCAGAACTTCAGGATGGGCTCTCTTTTCATGTCTCCATTGCCAGAAATGATACCATTTATATTTTAGGAGGACATTCACTTGCCAATAACATCCGCCCTGCCAACTTATACAGAATAAGGGTTGATCTCCCCCTGGGTAGCCCAGCTGTGAATTGCACAGTTTTGCCAGGAGGAATCTCTGTCTCTAGTGCAATCTTGACTCAAACAAACAGTGATGAATTTGTCATTGTGGGTGGCTATCAGCTTGAAAATCAAAAAAGAATGGTCTGCAACATAATCTCTTTTGAGGACAACAAGATGGAGATTCGTGAGATGGAGACCCCAGATTGGACCCCAGATATTAAGCACAGCAAGATATGGTTTGGAAGCAACATGGGCAATGGAACTATTTTCCTTGGCATACCAGGAGACAATAAACAAGCTGCTTCAGAAACATACTATTTCTACATGTTGAAATGTGCTGAAGACGATGTGAACGAAGATCAGAAAACATTCACCAATAGTCAGACATCAACAGAAGACCCAGGGGACTCCACGCCCTTTGAAGACTCAGAAGAATTTTGTTTCAGTGCGGAAGCAAATAGTTTCAATGGTGATGATGAATTTGACACCTATAATGAAGATGATGAAGAAGATGAGTCTGTAACTGGCTACTGGATTACATGCTGCTCTACTTGTGATGTGGATATCAACACTTGGGTACCATTTTATTCAACTGAGCTAAATAAGCCTGCCATGATCTATTGCTCTCATGGAGATGGGCACTGGGTCCATGCCCAGTGCATGGATCTGGCAGAACGCACACTCATCCAGCTGTCAGAAGGAAGCAACAAGTATTACT	https://www.ncbi.nlm.nih.gov/nuccore/GU328049	
id.gbif.ch/2063709026		id.gbif.ch/2062472674	Nuclear	CAATGTTTTATTACTTCTAAACTGTCAAATTGACCTAATTGTACCATTTCAGAGAAAACCTCAATGTTTATGACTTATTTCAGTCTGTTTTTCAAAATAATGCCACAACTGGGTTATATAAAATATTTTTAAAGAAATCTGATGATTATGTTTTTTAAAAATAAAAATCAAACCATATTATAATCAAGGGAAAGTACTTGATTAGGCTTTGAAAAAGTTTTCTAGACCATTTCATAATATTGAAATATTTACTGGTAGTGTTTTTTTTCCCTTTGCATATAAATTGTTGTTGCATGATTATTCATTCTTTGATATTTAGCATAGTTAGTTAATAATTGCATTTGTGATCATTGAATTGCCAAGAACAAATATAGTTTGATGATATTTCAGTTTGATAAA	https://www.ncbi.nlm.nih.gov/nuccore/GU328288	
id.gbif.ch/2648123790		id.gbif.ch/2062472674	Nuclear	TGCGCTTTAGCGACTCAGGAATCGGGGGCATCACCATTGCCTGGAAGTTTGACTCGCGTGAGTGCCCTCTGTTGTCCACACGCCAGCCCCGAGTTCCCTGCCTCCCCCCACCCCCCACCCCCCGCCTTCTCCATCGGGCCTGCATCCTTAGAAGGTACTTGGTGGGAAGGATAGGAGCTGAGCTCAGAGGCTGGGGGAAACACATTCCCTTTCGATCATTTCCCATTTTGGAGAGCCTACAATCCTGGGCCCCTACGGCTCCGGGCTCGCCGGTGAGTCCTCCGGCAGCTTCGTGCTCTCCCGTCTCCGCCCTGACCTACTGACCTAGCCTTGTCGGTATCCATCGCCCGGTTTGCTGGGTAGGATGTTCCCACGGACGTTTCCTTGCCCTGCACCAGGGCGCTCAGGGATGGGGTTGCAGTGGGGACTAGTGAGAGACCGGGTGTCTCCGCAAGCCCGCCCTAGACCCCACAACCCCGGGCCTCCTCCTGA	https://www.ncbi.nlm.nih.gov/nuccore/GU328363	
id.gbif.ch/242540810		id.gbif.ch/2062472674	Nuclear	TAGACTTCGTCCATATCTATGCAGAAAGGGAATGAGATAAATCACAACCTCATTTTCCAAATCTAATGATAATTGGATCCTTAGAAGTAGAGGGCACAGGTTACTATAGTATATATTTCTACTCAGCACAGTGGGTATAGATCATTTTATAACAGTTTACTTCCAAACTTTGTTTAAGCCTTATCTTGTTTCCATGATCAAGGATAAAAGGGTGTGTGTGCCACATTTGTCTCTATGTGATTCAGTAAGGATATGTTGAGTGAGTATTGGGGAATGGGACTGAGGAATCCTCCCCCAGTCCAATTAGTGGCAAAAAAATATAAGTGAGTTAATTTTTATTTGTTGCCATTGACTATATGCATCTTAAAGCACTGTTATACTATGCTCCTTTTTCTGTTCTCTCCTCAGGATATCAATGGCAAGCAGTTTCTTCCCAAATATGCTCTGTCCCAGGATGTTTGTACATATAGAGACTTCATATA	https://www.ncbi.nlm.nih.gov/nuccore/GU328431	
id.gbif.ch/1831187705		id.gbif.ch/2062472674	Mitochondrial	ACCCTATATCTTCTATTTGGCGCTTGGGCCGGAATAGTGGGCACTGCCCTAAGTCTATTAATCCGCGCCGAGTTAGGCCAGCCAGGGGCCCTGTTGGGAGATGACCAGATCTACAATGTGATCGTAACTGCCCATGCATTTGTAATAATTTTCTTCATAGTAATACCTATTATAATCGGGGGCTTCGGAAATTGGTTAGTGCCATTGATAATTGGGGCTCCTGATATGGCTTTTCCCCGGATGAATAATATAAGCTTCTGACTACTCCCCCCCTCTTTCCTACTACTATTGGCATCTTCCATGGTGGAGGCAGGGGCAGGCACAGGGTGGACAGTCTATCCGCCATTGGCAGGAAATCTCGCCCATGCGGGGGCCTCTGTTGACCTAGCCATTTTCTCTCTACACCTGGCGGGTGTATCTTCAATTCTAGGAGCAATTAATTTTATTACTACTATTATTAATATAAAACCTCCCGCTCTGTCTCAATACCAGACACCACTATTTGTTTGGTCCGTCCTAATCACAGCAGTCCTCCTCCTACTATCACTTCCCGTCCTGGCTGCCGGAATTACAATATTATTAACGGATCGAAATCTAAATACGACTTTCTTTGACCCTGCAGGAGGGGGGGACCCTATTCTATATCAACACCTATTC		
id.gbif.ch/1441102842		id.gbif.ch/4109704260	Mitochondrial	TCTTTTCTTCTACTTCTGGCATCATCCATAGTTGAAGCAGGAGCAGGTACAGGCTGAACAGTCTATCCTCCTTTAGCAGGAAACCTTGCTCATGCGGGGGCCTCTGTGGATCTAACCATCTTTTCTCTCCATCTAGCAGGGGTATCATCTATTCTAGGAGCAATTAATTTTATCACCACAATCATCAATATAAAACCTCCCGCCCTTTCCCAATACCAAACACCACTATTCGTCTGATCCGTTCTAATTACAGCTGTTCTCCTCTTATTATCACTTCCAGTATTAGCCGCCGGCATTACAATGCTACTAACGGATCGAAATCTGAATACAACTTTCTTTGATCCTGCGGGAGGGGGTGACCCTATCCTGTATCAGCATTTGTTT	https://www.ncbi.nlm.nih.gov/nuccore/KT613217	
